Alan,Executive,Alan@Test.com,HB902581,999999
Brenda,Executive,Brenda@Test.com,HB902584,999999
Chris,Executive,Chris@Test.com,HB902589,999999
Denise,Executive,Denise@Test.com,HB902604,999999
Eric,Executive,Eric@Test.com,HB902582,999999
Francis,Executive,Francis@Test.com,HB902585,999999
George,Executive,George@Test.com,HB902599,999999
Howard,Executive,Howard@Test.com,HB902587,999999
Irving,Executive,Irving@Test.com,HB902628,999999
Jane,Executive,Jane@Test.com,HB902633,999999
